<?xml version="1.0" encoding="UTF-8"?>
<project-private xmlns="http://www.netbeans.org/ns/project-private/1">
    <editor-bookmarks xmlns="http://www.netbeans.org/ns/editor-bookmarks/2" lastBookmarkId="0"/>
    <open-files xmlns="http://www.netbeans.org/ns/projectui-open-files/2">
        <group>
            <file>file:/C:/Users/MiFista/Desktop/net/shop/src/shop/App.java</file>
            <file>file:/C:/Users/MiFista/Desktop/net/shop/src/tools/Singleton.java</file>
            <file>file:/C:/Users/MiFista/Desktop/net/shop/src/META-INF/persistence.xml</file>
            <file>file:/C:/Users/MiFista/Desktop/net/shop/src/shop/Shop.java</file>
        </group>
    </open-files>
</project-private>
