{"button": {"colours": {"normal_bg": "#25292e", "hovered_bg": "#35393e", "disabled_bg": "#25292e", "selected_bg": "#25292e", "active_bg": "#193784", "normal_text": "#c5cbd8", "hovered_text": "#FFFFFF", "selected_text": "#FFFFFF", "disabled_text": "#6d736f", "active_text": "#6d736f", "normal_border": "#AAAAAA", "hovered_border": "#B0B0B0", "disabled_border": "#808080", "selected_border": "#8080B0", "active_border": "#8080B0", "normal_text_shadow": "#25292e", "hovered_text_shadow": "#101010", "disabled_text_shadow": "#10101070", "selected_text_shadow": "#10101070", "active_text_shadow": "#10101070"}, "font": {"name": "BAUHS", "size": "45", "regular_path": "fonts/BAUHS.TTF"}, "misc": {"border_width": "1", "shadow_width": "2", "tool_tip_delay": "1.0", "text_horiz_alignment": "center", "text_vert_alignment": "center", "text_horiz_alignment_padding": "0", "text_vert_alignment_padding": "0", "text_shadow_size": "1", "text_shadow_offset": "0,5", "state_transitions": {"normal_hovered": "1", "hovered_normal": "0.5"}}}, "text_entry_line": {"colours": {"dark_bg": "#25292e", "hovered_bg": "#35393e", "disabled_bg": "#25292e", "selected_bg": "#25292e", "active_bg": "#193784", "normal_text": "#c5cbd8", "hovered_text": "#FFFFFF", "selected_text": "#FFFFFF", "disabled_text": "#6d736f", "active_text": "#6d736f", "normal_border": "#AAAAAA", "hovered_border": "#B0B0B0", "disabled_border": "#808080", "selected_border": "#8080B0", "active_border": "#8080B0", "normal_text_shadow": "#25292e", "hovered_text_shadow": "#101010", "disabled_text_shadow": "#10101070", "selected_text_shadow": "#10101070", "active_text_shadow": "#10101070"}, "font": {"name": "BAUHS", "size": "45", "regular_path": "fonts/BAUHS.TTF"}, "misc": {"border_width": "1", "shadow_width": "2", "tool_tip_delay": "1.0", "text_horiz_alignment": "center", "text_vert_alignment": "center", "text_horiz_alignment_padding": "0", "text_vert_alignment_padding": "0", "text_shadow_size": "1", "text_shadow_offset": "0,5", "state_transitions": {"normal_hovered": "1", "hovered_normal": "0.5"}}}, "text_box": {"colours": {"dark_bg": "#25292e", "disabled_bg": "#25292e", "normal_text": "#c5cbd8", "disabled_text": "#6d736f", "normal_border": "#AAAAAA", "disabled_border": "#808080", "normal_text_shadow": "#25292e", "disabled_text_shadow": "#10101070"}, "font": {"name": "BAUHS", "size": "45", "regular_path": "fonts/BAUHS.TTF"}, "misc": {"border_width": "1", "shadow_width": "2", "tool_tip_delay": "1.0", "text_horiz_alignment": "center", "text_vert_alignment": "center", "text_horiz_alignment_padding": "0", "text_vert_alignment_padding": "0", "text_shadow_size": "1", "text_shadow_offset": "0,5", "state_transitions": {"normal_hovered": "1", "hovered_normal": "0.5"}}}, "#button_color": {"font": {"name": "BAUHS", "size": "21", "regular_path": "fonts/BAUHS.TTF"}}, "#button_down": {"images": {"normal_image": {"path": "img/down.png"}}}, "#button_up": {"images": {"normal_image": {"path": "img/up.png"}}}, "#button_left": {"images": {"normal_image": {"path": "img/left.png"}}}, "#button_right": {"images": {"normal_image": {"path": "img/right.png"}}}, "#button_pause": {"images": {"normal_image": {"path": "img/play.png"}}}, "#text_slider": {"font": {"name": "BAUHS", "size": "25", "regular_path": "fonts/BAUHS.TTF"}}, "#button_mode": {"font": {"name": "BAUHS", "size": "30", "regular_path": "fonts/BAUHS.TTF"}}, "#score": {"colours": {"dark_bg": "#00000000", "disabled_bg": "#25292e", "normal_text": "#c5cbd8", "disabled_text": "#6d736f", "normal_border": "#AAAAAA", "disabled_border": "#808080", "normal_text_shadow": "#25292e", "disabled_text_shadow": "#10101070"}, "font": {"name": "BAUHS", "size": "45", "regular_path": "fonts/BAUHS.TTF"}, "misc": {"border_width": "0", "shadow_width": "2", "tool_tip_delay": "1.0", "text_horiz_alignment": "left", "text_vert_alignment": "center", "text_horiz_alignment_padding": "20", "text_vert_alignment_padding": "0", "text_shadow_size": "1", "text_shadow_offset": "0,5", "state_transitions": {"normal_hovered": "1", "hovered_normal": "0.5"}}}, "#picker.#title_bar": {"font": {"name": "BAUHS", "size": "25", "regular_path": "fonts/BAUHS.TTF"}}, "#picker.#ok_button": {"font": {"name": "BAUHS", "size": "25", "regular_path": "fonts/BAUHS.TTF"}}, "#picker.#cancel_button": {"font": {"name": "BAUHS", "size": "25", "regular_path": "fonts/BAUHS.TTF"}}, "@text_game_over": {"colours": {"dark_bg": "#00000000", "disabled_bg": "#25292e", "normal_text": "#c5cbd8", "disabled_text": "#6d736f", "normal_border": "#AAAAAA", "disabled_border": "#808080", "normal_text_shadow": "#25292e", "disabled_text_shadow": "#10101070"}, "font": {"name": "BAUHS", "size": "100", "regular_path": "fonts/BAUHS.TTF"}, "misc": {"border_width": "0"}}}